"Date ","series ","OPEN ","HIGH ","LOW ","PREV. CLOSE ","ltp ","close ","vwap ","52W H ","52W L ","VOLUME ","VALUE ","No of trades "
"09-Apr-2025","EQ","413.00","419.05","411.25","412.55","416.15","416.30","416.41","471.50","390.15","2,17,85,572","9,07,16,50,104.35","2,42,191"
"08-Apr-2025","EQ","411.90","415.80","407.25","406.05","413.50","412.55","411.57","471.50","390.15","1,86,00,796","7,65,54,92,505.50","2,34,584"
"07-Apr-2025","EQ","390.15","408.10","390.15","409.70","406.75","406.05","403.02","471.50","390.15","2,67,62,866","10,78,58,70,136.45","3,07,280"
"04-Apr-2025","EQ","407.50","412.80","404.50","409.40","409.30","409.70","409.44","471.50","391.20","1,86,27,592","7,62,67,98,175.75","1,49,408"
"03-Apr-2025","EQ","407.05","410.20","406.70","409.05","409.00","409.40","408.93","471.50","391.20","70,59,566","2,88,68,81,314.85","78,934"
"02-Apr-2025","EQ","407.05","410.00","406.05","406.65","408.70","409.05","408.65","471.50","391.20","80,01,323","3,26,97,11,918.80","72,562"
"01-Apr-2025","EQ","409.80","414.40","405.60","409.75","406.60","406.65","409.28","471.50","391.20","1,52,06,240","6,22,36,51,577.60","1,27,499"
"28-Mar-2025","EQ","410.90","415.60","408.15","409.45","410.25","409.75","410.91","471.50","391.20","1,29,81,873","5,33,44,43,057.90","1,14,689"
"27-Mar-2025","EQ","408.00","410.70","405.65","407.35","409.35","409.45","409.35","471.50","391.20","1,86,42,328","7,63,12,35,472.20","1,53,590"
"26-Mar-2025","EQ","410.30","411.20","406.25","409.80","407.40","407.35","409.03","471.50","391.20","1,38,91,436","5,68,19,50,426.05","1,03,317"
"25-Mar-2025","EQ","412.00","415.25","408.70","410.90","409.20","409.80","411.17","471.50","391.20","2,03,38,110","8,36,24,11,027.50","1,38,414"
"24-Mar-2025","EQ","407.00","412.85","405.60","405.55","411.00","410.90","409.64","471.50","391.20","1,43,62,572","5,88,35,05,695.50","1,38,703"
"21-Mar-2025","EQ","405.95","407.50","401.70","403.95","406.50","405.55","404.10","471.50","391.20","2,53,02,035","10,22,46,18,507.85","1,30,427"
"20-Mar-2025","EQ","405.00","406.65","401.90","403.05","403.60","403.95","403.50","471.50","391.20","1,69,94,037","6,85,71,53,651.65","1,25,979"
"19-Mar-2025","EQ","410.00","410.75","402.60","409.10","403.40","403.05","404.51","471.50","391.20","1,28,30,387","5,18,99,84,214.60","1,35,494"
"18-Mar-2025","EQ","410.00","411.95","407.75","407.95","409.50","409.10","409.50","471.50","391.20","1,38,61,897","5,67,65,00,784.85","1,06,364"
"17-Mar-2025","EQ","413.00","416.25","407.00","412.05","407.80","407.95","409.81","471.50","391.20","52,57,859","2,15,47,06,809.40","87,899"
"13-Mar-2025","EQ","413.00","414.40","408.20","412.40","411.45","412.05","412.40","471.50","391.20","81,96,569","3,38,02,86,305.70","1,22,083"
"12-Mar-2025","EQ","406.40","413.30","404.00","406.20","412.55","412.40","409.75","471.50","391.20","1,38,44,306","5,67,27,66,834.60","99,237"
"11-Mar-2025","EQ","401.50","408.40","401.20","405.00","406.20","406.20","406.58","471.50","391.20","1,10,99,475","4,51,27,93,431.70","1,16,862"
"10-Mar-2025","EQ","401.05","406.85","400.40","403.90","404.80","405.00","404.70","471.50","391.20","97,85,018","3,96,00,32,837.25","1,14,078"
"07-Mar-2025","EQ","403.55","405.85","401.70","405.70","403.75","403.90","403.66","471.50","391.20","1,11,80,761","4,51,31,90,673.15","1,29,975"
"06-Mar-2025","EQ","409.15","409.70","400.55","405.05","406.20","405.70","403.66","471.50","391.20","1,78,69,996","7,21,34,83,492.20","1,70,718"
"05-Mar-2025","EQ","394.50","412.75","394.50","394.85","409.20","405.05","399.82","471.50","391.20","1,56,65,018","6,26,31,65,318.05","1,69,098"
"04-Mar-2025","EQ","395.40","397.20","392.85","397.45","394.45","394.85","394.38","471.50","391.20","1,34,04,774","5,28,65,94,132.80","1,54,199"
"03-Mar-2025","EQ","395.95","399.00","391.20","395.00","397.00","397.45","396.98","471.50","391.20","1,07,02,826","4,24,87,73,535.65","1,69,634"
"28-Feb-2025","EQ","399.00","402.50","392.20","401.60","395.90","395.00","394.79","471.50","392.20","3,19,54,776","12,61,54,32,840.90","2,44,503"
"27-Feb-2025","EQ","404.85","406.50","399.50","404.85","401.50","401.60","401.75","471.50","396.20","1,90,51,003","7,65,36,97,871.25","1,63,369"
"25-Feb-2025","EQ","402.00","407.00","400.50","401.90","404.00","404.85","404.11","471.50","396.20","1,57,60,891","6,36,90,71,142.95","1,38,641"
"24-Feb-2025","EQ","400.00","403.40","398.75","400.90","402.00","401.90","401.96","471.50","396.20","70,37,625","2,82,88,32,996.75","1,21,155"
"21-Feb-2025","EQ","402.05","403.25","399.20","402.05","400.70","400.90","400.75","471.50","396.20","82,40,986","3,30,25,44,309.75","1,75,217"
"20-Feb-2025","EQ","399.95","403.90","396.20","406.40","402.00","402.05","401.31","471.50","396.20","1,53,55,585","6,16,23,79,397.35","2,26,856"
"19-Feb-2025","EQ","404.80","408.80","404.50","405.25","406.20","406.40","406.89","471.50","404.00","70,79,032","2,88,04,11,815.90","88,693"
"18-Feb-2025","EQ","408.00","410.85","404.00","408.60","404.90","405.25","406.53","471.50","404.00","1,29,98,403","5,28,42,37,636.80","2,08,753"
"17-Feb-2025","EQ","409.80","411.40","406.75","410.25","408.60","408.60","408.96","471.50","406.75","1,19,75,265","4,89,74,17,889.10","2,85,419"
"14-Feb-2025","EQ","411.75","416.20","408.40","409.70","410.00","410.25","411.41","471.50","407.60","1,41,24,236","5,81,08,70,731.00","1,99,616"
"13-Feb-2025","EQ","409.95","413.95","409.00","409.90","410.00","409.70","411.14","471.50","407.60","1,29,89,029","5,34,03,10,573.90","1,85,598"
"12-Feb-2025","EQ","413.15","413.80","407.60","418.30","411.20","409.90","410.36","471.50","407.60","1,38,84,574","5,69,76,74,234.65","2,07,478"
"11-Feb-2025","EQ","428.80","430.55","417.50","427.20","418.05","418.30","421.57","471.50","417.50","1,42,88,751","6,02,37,50,310.80","1,87,384"
"10-Feb-2025","EQ","427.00","433.30","426.50","430.85","427.70","427.20","428.76","471.50","426.50","1,22,27,140","5,24,24,93,795.80","1,56,939"
"07-Feb-2025","EQ","440.00","445.50","428.40","441.10","430.10","430.85","432.24","471.50","428.40","1,88,75,982","8,15,88,60,785.30","2,12,183"
"06-Feb-2025","EQ","450.00","450.00","438.20","448.15","442.75","441.10","441.65","471.50","430.10","1,74,69,129","7,71,52,80,524.95","1,64,798"
"05-Feb-2025","EQ","455.15","455.85","446.50","455.15","448.50","448.15","450.02","471.50","430.10","1,28,36,283","5,77,65,23,794.20","1,55,466"
"04-Feb-2025","EQ","458.00","460.35","448.75","454.35","454.30","455.15","454.39","471.50","430.10","1,89,23,681","8,59,86,91,176.90","2,19,082"
"03-Feb-2025","EQ","462.00","465.20","452.30","462.55","453.50","454.35","457.77","471.50","430.10","1,69,91,730","7,77,82,30,238.50","2,78,444"
"01-Feb-2025","EQ","448.00","471.50","439.55","447.50","461.55","462.55","459.22","471.50","430.10","3,03,93,007","13,95,70,38,228.10","3,08,264"
"31-Jan-2025","EQ","436.50","448.20","435.10","436.20","447.70","447.50","443.74","461.75","430.10","1,35,46,181","6,01,10,29,618.05","2,92,498"
"30-Jan-2025","EQ","433.00","438.00","431.45","433.35","436.00","436.20","434.97","461.75","430.10","2,24,96,695","9,78,54,77,722.40","2,06,602"
"29-Jan-2025","EQ","435.95","437.50","430.10","435.45","433.25","433.35","433.19","461.75","430.10","1,51,58,510","6,56,64,56,115.00","2,70,156"
"28-Jan-2025","EQ","440.00","441.80","434.50","440.10","434.65","435.45","437.14","461.75","431.10","2,08,13,072","9,09,82,82,699.20","1,74,411"
"27-Jan-2025","EQ","440.80","445.00","436.55","441.60","439.90","440.10","440.42","461.75","431.10","1,04,80,203","4,61,56,46,516.45","1,55,397"
"24-Jan-2025","EQ","439.40","445.00","439.05","440.20","441.40","441.60","442.53","461.75","431.10","96,65,384","4,27,72,28,029.70","1,41,694"
"23-Jan-2025","EQ","435.00","441.85","434.10","437.00","440.45","440.20","439.59","461.75","431.10","88,88,248","3,90,71,65,756.85","1,31,321"
"22-Jan-2025","EQ","439.90","441.95","436.55","437.55","436.75","437.00","438.79","461.75","431.10","96,19,648","4,22,09,97,156.10","1,33,708"
"21-Jan-2025","EQ","438.00","447.00","435.25","437.70","437.95","437.55","440.22","461.75","431.10","1,56,86,500","6,90,54,71,880.05","2,16,692"
"20-Jan-2025","EQ","439.00","441.20","436.00","440.20","437.45","437.70","437.61","461.75","431.10","87,42,771","3,82,59,27,431.85","1,52,896"
"17-Jan-2025","EQ","433.00","441.80","432.50","432.85","439.65","440.20","438.78","461.75","431.10","1,12,70,061","4,94,51,04,351.05","1,19,845"
"16-Jan-2025","EQ","438.05","439.45","431.10","437.35","432.90","432.85","432.62","461.75","431.10","1,57,74,070","6,82,41,78,083.40","1,97,000"
"15-Jan-2025","EQ","436.60","441.80","435.35","436.60","437.00","437.35","437.99","461.75","435.00","97,86,805","4,28,65,12,512.75","1,23,376"
"14-Jan-2025","EQ","441.00","441.50","435.85","439.05","436.95","436.60","438.04","461.75","435.00","1,80,48,459","7,90,59,15,833.35","2,33,131"
"13-Jan-2025","EQ","435.00","444.00","435.00","444.90","439.00","439.05","440.27","461.75","435.00","1,77,99,607","7,83,66,65,097.95","1,72,276"
"10-Jan-2025","EQ","449.95","452.00","442.50","450.10","443.85","444.90","445.59","461.75","437.10","91,45,729","4,07,52,02,264.90","1,69,176"
"09-Jan-2025","EQ","449.40","460.65","446.05","449.55","450.45","450.10","452.64","461.75","437.10","1,97,32,649","8,93,18,46,709.45","2,14,398"
"08-Jan-2025","EQ","443.00","452.05","437.10","441.10","449.65","449.55","444.83","461.75","437.10","1,34,82,926","5,99,76,60,207.25","1,63,390"
"07-Jan-2025","EQ","445.50","447.60","440.15","442.65","441.10","441.10","442.97","461.75","440.15","1,42,94,780","6,33,20,98,307.30","1,80,441"
"06-Jan-2025","EQ","455.60","461.75","441.25","481.60","445.35","442.65","450.15","461.75","441.25","2,20,09,958","9,90,77,71,203.05","2,86,532"
"03-Jan-2025","EQ","490.25","491.00","479.85","489.05","483.95","481.60","482.67","528.50","399.35","3,70,72,992","17,89,39,61,935.85","2,27,193"
"02-Jan-2025","EQ","485.35","490.00","482.30","483.95","489.50","489.05","486.22","528.50","399.35","2,61,24,980","12,70,24,91,020.45","2,24,779"
"01-Jan-2025","EQ","486.00","486.85","482.15","483.65","484.70","483.95","484.93","528.50","399.35","1,82,29,128","8,83,99,30,024.40","1,64,587"
"31-Dec-2024","EQ","478.45","484.65","474.55","477.00","484.45","483.65","479.83","528.50","399.35","1,32,76,195","6,37,02,64,307.20","1,52,025"
"30-Dec-2024","EQ","480.75","481.45","476.00","478.60","476.80","477.00","478.45","528.50","399.35","1,30,74,810","6,25,56,56,373.25","1,58,954"
"27-Dec-2024","EQ","479.75","481.90","476.00","476.95","479.70","478.60","479.17","528.50","399.35","1,62,79,450","7,80,06,52,449.55","1,66,926"
"26-Dec-2024","EQ","480.55","481.85","476.00","478.45","477.00","476.95","478.43","528.50","399.35","88,48,065","4,23,31,60,326.90","1,48,089"
"24-Dec-2024","EQ","474.90","480.25","472.65","474.25","478.25","478.45","478.09","528.50","399.35","1,15,64,497","5,52,88,95,414.85","1,72,646"
"23-Dec-2024","EQ","471.20","477.70","467.60","464.65","474.50","474.25","473.08","528.50","399.35","1,88,37,469","8,91,16,59,177.30","2,40,219"
"20-Dec-2024","EQ","466.50","467.45","459.30","466.55","465.65","464.65","463.94","528.50","399.35","1,94,81,288","9,03,81,76,739.25","2,41,995"
"19-Dec-2024","EQ","469.00","474.35","465.30","470.50","466.00","466.55","468.63","528.50","399.35","1,45,99,270","6,84,16,13,826.05","2,08,360"
"18-Dec-2024","EQ","472.70","473.80","466.90","469.55","471.25","470.50","470.47","528.50","399.35","1,23,65,167","5,81,74,85,040.30","1,71,373"
"17-Dec-2024","EQ","470.00","475.80","463.05","470.10","470.70","469.55","470.32","528.50","399.35","1,98,44,152","9,33,30,64,294.30","2,35,005"
"16-Dec-2024","EQ","470.25","474.40","468.00","470.00","470.00","470.10","470.12","528.50","399.35","90,07,264","4,23,44,93,701.85","1,53,567"
"13-Dec-2024","EQ","460.00","474.40","451.65","460.60","471.00","470.00","464.46","528.50","399.35","3,17,53,858","14,74,84,33,018.55","2,49,426"
"12-Dec-2024","EQ","465.50","467.90","459.15","465.25","460.85","460.60","462.32","528.50","399.35","1,28,84,401","5,95,67,25,495.60","1,65,742"
"11-Dec-2024","EQ","467.20","468.20","464.70","465.45","465.25","465.25","466.13","528.50","399.35","67,45,816","3,14,44,31,682.05","1,08,407"
"10-Dec-2024","EQ","465.35","466.45","462.60","464.95","465.35","465.45","464.64","528.50","399.35","88,23,805","4,09,99,16,466.30","1,37,180"
"09-Dec-2024","EQ","471.50","472.00","462.95","471.15","465.20","464.95","467.02","528.50","399.35","1,17,03,384","5,46,56,95,132.70","1,60,632"
"06-Dec-2024","EQ","470.00","474.95","467.70","467.50","471.95","471.15","472.38","528.50","399.35","75,51,407","3,56,71,34,560.35","1,18,458"
"05-Dec-2024","EQ","467.55","472.75","462.50","467.10","467.70","467.50","468.00","528.50","399.35","2,64,15,053","12,36,22,22,644.55","2,80,989"
"04-Dec-2024","EQ","474.40","478.20","466.40","472.55","467.20","467.10","470.88","528.50","399.35","1,34,39,484","6,32,83,46,244.15","1,84,751"
"03-Dec-2024","EQ","466.00","473.40","462.75","477.20","472.55","472.55","469.06","528.50","399.35","2,22,18,251","10,42,16,81,081.05","2,89,294"
"02-Dec-2024","EQ","476.00","479.30","473.40","476.75","477.40","477.20","476.84","528.50","399.35","54,78,598","2,61,23,98,108.20","1,05,775"
"29-Nov-2024","EQ","473.20","478.90","472.60","474.90","477.00","476.75","476.39","528.50","399.35","83,46,687","3,97,63,06,074.10","1,26,718"
"28-Nov-2024","EQ","477.00","483.80","470.55","476.95","475.55","474.90","476.02","528.50","399.35","1,44,12,539","6,86,05,90,338.25","1,97,328"
"27-Nov-2024","EQ","477.50","480.10","473.00","477.00","476.95","476.95","475.67","528.50","399.35","70,67,013","3,36,15,55,101.90","92,526"
"26-Nov-2024","EQ","480.00","482.65","474.10","476.80","477.00","477.00","476.76","528.50","399.35","65,39,846","3,11,79,27,466.80","1,24,209"
"25-Nov-2024","EQ","479.00","482.20","472.40","474.65","478.15","476.80","476.97","528.50","399.35","1,38,91,991","6,62,60,51,098.65","1,37,597"
"22-Nov-2024","EQ","456.20","476.50","455.50","457.15","474.00","474.65","465.47","528.50","399.35","1,94,64,568","9,06,02,24,659.45","1,78,132"
"21-Nov-2024","EQ","461.00","464.05","455.40","467.35","457.00","457.15","458.53","528.50","399.35","1,95,59,847","8,96,87,97,499.25","2,36,495"
"19-Nov-2024","EQ","468.00","473.75","466.25","466.55","466.60","467.35","471.03","528.50","399.35","68,57,374","3,23,00,38,399.65","1,11,105"
"18-Nov-2024","EQ","466.00","467.80","462.00","465.95","467.40","466.55","464.79","528.50","399.35","81,35,260","3,78,11,91,097.20","1,83,896"
"14-Nov-2024","EQ","471.20","472.95","462.25","472.20","467.00","465.95","465.91","528.50","399.35","1,16,39,562","5,42,29,31,558.70","2,30,824"
"13-Nov-2024","EQ","470.05","474.70","468.25","472.85","472.00","472.20","471.96","528.50","399.35","1,11,20,381","5,24,84,10,369.00","1,88,101"
"12-Nov-2024","EQ","477.60","477.95","471.15","476.95","471.90","472.85","474.91","528.50","399.35","50,41,916","2,39,44,32,824.50","1,29,476"
"11-Nov-2024","EQ","478.05","481.50","474.10","478.05","477.30","476.95","478.38","528.50","399.35","54,88,948","2,62,58,14,462.70","1,23,605"
"08-Nov-2024","EQ","477.90","480.70","474.60","477.90","478.80","478.05","477.78","528.50","399.35","60,90,462","2,90,99,20,473.35","1,05,996"
"07-Nov-2024","EQ","481.75","482.70","476.10","481.10","478.00","477.90","477.82","528.50","399.35","89,24,280","4,26,41,65,090.20","1,32,407"
"06-Nov-2024","EQ","480.20","484.40","478.00","480.20","481.95","481.10","480.83","528.50","399.35","1,13,13,985","5,44,01,09,205.55","1,40,673"
"05-Nov-2024","EQ","482.95","485.05","476.95","484.60","480.95","480.20","479.98","528.50","399.35","73,27,830","3,51,72,42,119.05","1,50,450"
"04-Nov-2024","EQ","493.45","493.45","479.55","490.30","485.25","484.60","483.55","528.50","399.35","84,29,731","4,07,61,59,422.90","1,70,904"
"01-Nov-2024","EQ","491.00","492.10","489.30","488.80","489.95","490.30","490.89","528.50","399.35","14,61,602","71,74,91,831.90","54,687"
"31-Oct-2024","EQ","492.00","493.00","484.70","491.55","489.25","488.80","487.80","528.50","399.35","78,10,874","3,81,01,27,063.40","1,61,609"
"30-Oct-2024","EQ","487.95","493.25","486.50","487.95","491.80","491.55","490.85","528.50","399.35","63,93,835","3,13,83,98,995.85","92,835"
"29-Oct-2024","EQ","485.00","489.20","481.30","484.15","488.00","487.95","486.12","528.50","399.35","68,66,704","3,33,80,33,179.65","1,11,564"
"28-Oct-2024","EQ","481.95","485.90","476.00","482.30","484.00","484.15","482.79","528.50","399.35","86,14,446","4,15,89,85,648.85","1,13,970"
"25-Oct-2024","EQ","475.80","493.50","474.20","471.70","482.25","482.30","486.29","528.50","399.35","3,09,61,625","15,05,62,61,874.00","3,79,810"
"24-Oct-2024","EQ","482.00","482.40","470.00","480.35","470.70","471.70","474.32","528.50","399.35","1,30,92,399","6,20,99,65,225.20","2,40,152"
"23-Oct-2024","EQ","481.00","483.30","479.50","481.80","480.70","480.35","480.88","528.50","399.35","1,01,62,570","4,88,70,14,877.45","1,30,143"
"22-Oct-2024","EQ","483.65","488.40","480.80","483.65","482.50","481.80","483.80","528.50","399.35","1,22,99,288","5,95,04,54,269.80","1,94,079"
"21-Oct-2024","EQ","486.70","487.60","477.35","486.70","483.10","483.65","483.40","528.50","399.35","73,95,274","3,57,48,75,531.85","1,35,775"
"18-Oct-2024","EQ","488.75","491.55","478.40","488.90","486.15","486.70","482.63","528.50","399.35","2,17,78,099","10,51,08,19,521.05","1,89,101"
"17-Oct-2024","EQ","495.00","495.00","488.00","493.20","489.00","488.90","490.71","528.50","399.35","73,85,299","3,62,40,29,088.45","1,06,788"
"16-Oct-2024","EQ","496.00","498.85","492.35","498.55","493.10","493.20","495.30","528.50","399.35","66,82,083","3,30,96,53,123.20","1,17,691"
"15-Oct-2024","EQ","498.00","499.40","494.50","496.95","498.00","498.55","497.33","528.50","399.35","80,37,662","3,99,73,96,320.95","1,18,170"
"14-Oct-2024","EQ","491.00","499.00","488.65","488.20","496.75","496.95","495.16","528.50","399.35","67,12,103","3,32,35,90,493.55","1,28,200"
"11-Oct-2024","EQ","493.00","493.95","487.40","492.05","488.95","488.20","489.06","528.50","399.35","1,43,94,986","7,03,99,78,268.90","1,58,339"
"10-Oct-2024","EQ","495.35","495.65","489.45","491.70","493.00","492.05","492.72","528.50","399.35","1,27,99,333","6,30,64,80,747.25","1,99,193"
"09-Oct-2024","EQ","509.80","509.80","490.55","507.95","492.50","491.70","499.12","528.50","399.35","2,39,52,459","11,95,51,85,952.75","2,78,280"
"08-Oct-2024","EQ","510.00","512.55","506.00","510.20","508.50","507.95","508.84","528.50","399.35","95,02,367","4,83,52,22,369.05","1,40,127"
"07-Oct-2024","EQ","507.00","514.95","506.75","503.55","510.00","510.20","511.03","528.50","399.35","1,64,79,772","8,42,16,88,874.45","2,16,682"
"04-Oct-2024","EQ","510.00","517.35","501.55","512.75","504.75","503.55","509.93","528.50","399.35","1,82,28,912","9,29,54,09,035.50","2,92,636"
"03-Oct-2024","EQ","508.55","515.70","508.10","516.20","511.75","512.75","512.47","528.50","399.35","1,58,70,147","8,13,29,38,477.90","2,27,553"
"01-Oct-2024","EQ","518.15","519.75","514.00","518.15","516.50","516.20","515.90","528.50","399.35","50,89,315","2,62,55,80,578.35","1,09,488"
"30-Sep-2024","EQ","520.60","524.35","514.05","522.70","518.25","518.15","518.56","528.50","399.35","1,05,31,347","5,46,11,48,445.10","1,63,844"
"27-Sep-2024","EQ","520.25","528.50","520.25","522.75","521.70","522.70","524.14","528.50","399.35","1,72,51,962","9,04,23,61,720.15","1,69,240"
"26-Sep-2024","EQ","517.65","523.75","517.00","517.55","522.25","522.75","521.19","523.75","399.35","1,54,89,991","8,07,31,86,016.75","2,03,237"
"25-Sep-2024","EQ","515.50","519.30","512.30","515.25","517.65","517.55","515.67","520.50","399.35","84,76,223","4,37,09,74,903.20","1,55,236"
"24-Sep-2024","EQ","517.00","517.80","514.15","516.95","515.50","515.25","515.47","520.50","399.35","67,55,320","3,48,21,95,547.40","1,21,014"
"23-Sep-2024","EQ","515.45","519.45","513.60","514.40","516.75","516.95","516.88","520.50","399.35","78,04,918","4,03,42,41,784.00","1,30,984"
"20-Sep-2024","EQ","512.00","517.35","508.00","508.25","514.15","514.40","513.97","520.50","399.35","2,38,08,194","12,23,67,58,568.15","2,31,527"
"19-Sep-2024","EQ","510.00","514.80","507.50","507.35","508.60","508.25","510.59","520.50","399.35","1,39,25,311","7,11,00,66,899.10","2,26,927"
"18-Sep-2024","EQ","507.85","512.40","505.10","507.75","506.75","507.35","509.15","520.50","399.35","54,29,619","2,76,45,06,352.10","98,908"
"17-Sep-2024","EQ","511.05","513.55","506.25","511.10","508.25","507.75","508.55","520.50","399.35","1,04,86,015","5,33,26,81,431.45","1,13,046"
"16-Sep-2024","EQ","515.90","517.00","509.70","513.85","509.95","511.10","513.15","520.50","399.35","75,31,604","3,86,48,31,357.30","80,552"
"13-Sep-2024","EQ","519.50","520.00","512.00","519.50","513.65","513.85","513.81","520.50","399.35","88,25,193","4,53,44,84,027.05","1,39,096"
"12-Sep-2024","EQ","515.10","520.50","508.55","514.35","518.05","519.50","515.60","520.50","399.35","1,83,77,550","9,47,54,61,095.90","2,08,255"
"11-Sep-2024","EQ","513.00","519.50","511.95","513.60","513.10","514.35","516.48","519.50","399.35","1,49,22,832","7,70,72,78,241.50","2,58,825"
"10-Sep-2024","EQ","511.90","515.00","508.75","511.75","512.90","513.60","512.86","515.95","399.35","1,09,11,995","5,59,63,26,541.20","1,73,370"
"09-Sep-2024","EQ","502.00","512.65","500.35","501.70","511.50","511.75","509.47","515.95","399.35","1,37,36,044","6,99,80,44,346.50","1,91,706"
"06-Sep-2024","EQ","512.00","512.00","497.15","511.20","502.45","501.70","502.20","515.95","399.35","1,37,16,752","6,88,85,30,757.30","2,26,806"
"05-Sep-2024","EQ","508.35","511.90","507.05","506.35","511.25","511.20","510.32","515.95","399.35","1,08,98,888","5,56,19,02,271.30","1,37,332"
"04-Sep-2024","EQ","500.00","510.05","499.95","509.40","507.45","506.35","506.14","515.95","399.35","84,14,967","4,25,91,22,977.75","1,44,592"
"03-Sep-2024","EQ","510.05","515.95","507.90","510.05","508.60","509.40","512.57","515.95","399.35","1,20,18,677","6,16,03,57,721.90","1,86,272"
"02-Sep-2024","EQ","504.00","512.90","503.30","501.90","509.85","510.05","509.98","512.90","399.35","1,58,85,469","8,10,12,52,606.15","2,15,525"
"30-Aug-2024","EQ","501.95","509.15","500.20","505.10","504.00","501.90","502.57","510.65","399.35","1,49,47,670","7,51,22,53,452.80","1,49,051"
"29-Aug-2024","EQ","498.00","507.70","497.35","497.30","505.00","505.10","503.72","510.65","399.35","1,86,70,632","9,40,48,44,586.20","2,03,893"
"28-Aug-2024","EQ","500.40","502.30","496.50","500.60","500.15","497.30","498.80","510.65","399.35","77,82,216","3,88,17,94,042.20","1,28,939"
"27-Aug-2024","EQ","507.55","507.60","500.00","505.70","500.40","500.60","502.17","510.65","399.35","79,54,114","3,99,43,35,939.60","1,23,723"
"26-Aug-2024","EQ","506.00","508.00","502.00","505.80","505.70","505.70","505.93","510.65","399.35","78,25,037","3,95,89,00,282.55","1,48,265"
"23-Aug-2024","EQ","505.05","506.95","499.95","504.55","505.40","505.80","504.20","510.65","399.35","78,91,446","3,97,88,80,053.35","1,08,800"
"22-Aug-2024","EQ","507.85","508.50","501.45","505.40","505.05","504.55","504.67","510.65","399.35","83,64,290","4,22,12,24,253.25","1,45,029"
"21-Aug-2024","EQ","500.00","509.00","499.05","498.80","505.80","505.40","505.03","510.65","399.35","84,74,830","4,28,00,48,280.45","1,21,930"
"20-Aug-2024","EQ","501.00","503.40","497.70","501.45","498.50","498.80","499.95","510.65","399.35","66,33,171","3,31,62,78,832.00","1,15,083"
"19-Aug-2024","EQ","504.75","509.30","499.60","502.65","499.95","501.45","504.39","510.65","399.35","1,01,98,725","5,14,41,20,039.10","1,66,648"
"16-Aug-2024","EQ","494.50","504.20","492.65","492.20","502.05","502.65","498.53","510.65","399.35","1,31,37,392","6,54,94,43,406.85","1,64,043"
"14-Aug-2024","EQ","491.95","499.00","489.90","490.00","492.55","492.20","494.04","510.65","399.35","92,53,598","4,57,16,25,348.00","1,50,643"
"13-Aug-2024","EQ","495.95","497.85","488.25","494.60","491.50","490.00","493.29","510.65","399.35","77,57,706","3,82,67,62,550.05","1,19,952"
"12-Aug-2024","EQ","492.00","500.00","492.00","495.90","494.40","494.60","497.04","510.65","399.35","90,76,097","4,51,11,89,537.95","1,33,143"
"09-Aug-2024","EQ","498.00","498.00","493.10","494.75","496.15","495.90","495.38","510.65","399.35","92,01,793","4,55,83,87,017.25","1,44,367"
"08-Aug-2024","EQ","494.00","498.00","492.50","492.65","494.15","494.75","494.99","510.65","399.35","2,05,58,134","10,17,59,99,936.05","2,50,724"
"07-Aug-2024","EQ","490.00","495.60","488.10","486.30","492.75","492.65","491.96","510.65","399.35","1,09,00,585","5,36,26,50,358.25","1,73,490"
"06-Aug-2024","EQ","486.25","491.70","484.05","486.00","487.80","486.30","487.52","510.65","399.35","1,37,22,855","6,69,01,15,892.10","1,65,576"
"05-Aug-2024","EQ","480.05","491.90","479.55","489.10","485.90","486.00","485.81","510.65","399.35","2,40,94,139","11,70,52,82,411.05","2,40,878"
"02-Aug-2024","EQ","484.80","499.45","484.80","493.70","488.85","489.10","491.08","510.65","399.35","2,13,20,064","10,46,99,40,924.65","2,53,754"
"01-Aug-2024","EQ","495.95","496.75","490.95","495.35","493.05","493.70","493.72","510.65","399.35","1,16,65,529","5,75,95,53,105.75","1,67,982"
"31-Jul-2024","EQ","492.45","497.95","490.50","489.90","495.50","495.35","494.03","510.65","399.35","1,15,38,215","5,70,02,70,817.40","1,84,885"
"30-Jul-2024","EQ","496.30","497.80","488.65","496.05","490.50","489.90","491.81","510.65","399.35","1,33,75,906","6,57,84,25,923.00","1,71,911"
"29-Jul-2024","EQ","505.50","506.20","494.05","502.20","496.25","496.05","498.40","510.65","399.35","1,24,96,895","6,22,84,64,277.80","1,59,533"
"26-Jul-2024","EQ","494.05","506.40","487.40","489.95","501.55","502.20","498.22","510.65","399.35","2,07,36,094","10,33,10,62,809.70","2,04,107"
"25-Jul-2024","EQ","490.00","496.00","484.65","494.05","490.20","489.95","490.32","510.65","399.35","1,78,78,994","8,76,63,83,593.60","2,27,325"
"24-Jul-2024","EQ","496.00","510.65","490.65","492.20","494.00","494.05","500.33","510.65","399.35","4,20,73,323","21,05,06,81,452.40","4,00,376"
"23-Jul-2024","EQ","466.55","497.40","466.40","466.55","496.95","492.20","483.29","499.70","399.35","5,40,44,423","26,11,89,22,052.35","4,99,337"
"22-Jul-2024","EQ","474.60","479.45","465.85","474.55","466.30","466.55","470.10","499.70","399.35","1,80,66,586","8,49,30,64,235.35","2,32,860"
"19-Jul-2024","EQ","471.00","479.40","469.40","470.25","473.15","474.55","474.65","499.70","399.35","2,49,77,373","11,85,53,89,560.85","2,68,257"
"18-Jul-2024","EQ","463.00","470.90","462.65","465.55","470.50","470.25","467.91","499.70","399.35","2,10,94,737","9,87,03,74,413.50","1,96,712"
"16-Jul-2024","EQ","463.45","466.75","461.40","463.40","465.70","465.55","464.53","499.70","399.35","1,29,96,711","6,03,73,70,502.75","1,37,391"
"15-Jul-2024","EQ","459.05","466.45","457.20","459.05","462.05","463.40","462.88","499.70","399.35","1,62,51,032","7,52,23,28,040.60","1,54,358"
"12-Jul-2024","EQ","458.65","463.25","455.85","458.65","459.05","459.05","458.95","499.70","399.35","1,89,62,800","8,70,30,17,234.70","2,15,367"
"11-Jul-2024","EQ","450.00","459.50","448.70","451.45","458.60","458.65","456.02","499.70","399.35","1,88,31,345","8,58,74,37,642.70","2,83,781"
"10-Jul-2024","EQ","453.70","455.35","446.50","452.60","450.30","451.45","450.95","499.70","399.35","1,16,18,210","5,23,92,57,713.55","1,55,469"
"09-Jul-2024","EQ","447.60","455.00","444.00","443.60","451.50","452.60","450.54","499.70","399.35","2,64,70,260","11,92,59,76,364.80","2,40,760"
"08-Jul-2024","EQ","435.15","444.55","433.65","433.65","443.80","443.60","439.76","499.70","399.35","2,05,21,107","9,02,44,61,950.65","1,94,693"
"05-Jul-2024","EQ","429.00","434.00","427.60","429.05","433.50","433.65","431.98","499.70","399.35","1,29,29,586","5,58,53,59,681.40","1,51,709"
"04-Jul-2024","EQ","430.00","431.50","427.05","428.30","429.25","429.05","429.39","499.70","399.35","91,27,340","3,91,91,90,556.65","1,25,047"
"03-Jul-2024","EQ","426.10","429.65","425.50","425.50","428.50","428.30","427.88","499.70","399.35","71,59,756","3,06,35,03,681.75","1,16,001"
"02-Jul-2024","EQ","430.00","430.65","422.55","429.05","425.75","425.50","426.86","499.70","399.35","1,07,63,335","4,59,44,02,665.60","1,74,096"
"01-Jul-2024","EQ","426.30","430.25","424.65","424.90","428.50","429.05","427.61","499.70","399.35","1,28,94,747","5,51,39,76,701.35","1,32,870"
"28-Jun-2024","EQ","425.50","428.00","423.50","425.60","425.00","424.90","425.74","499.70","399.35","1,78,66,326","7,60,63,38,079.45","1,73,097"
"27-Jun-2024","EQ","423.95","427.25","421.10","423.95","425.60","425.60","424.56","499.70","399.35","3,70,12,589","15,71,40,38,249.45","2,51,890"
"26-Jun-2024","EQ","423.00","426.40","422.05","423.30","423.50","423.95","424.28","499.70","399.35","1,10,84,805","4,70,30,58,612.05","1,09,504"
"25-Jun-2024","EQ","423.00","424.00","419.75","423.30","423.25","423.30","422.19","499.70","399.35","1,02,60,449","4,33,18,94,414.05","1,38,835"
"24-Jun-2024","EQ","420.00","423.95","420.00","419.60","423.65","423.30","422.63","499.70","399.35","93,62,433","3,95,68,53,315.35","1,17,502"
"21-Jun-2024","EQ","425.00","425.30","418.55","423.30","419.70","419.60","420.65","499.70","399.35","2,52,05,627","10,60,28,24,293.85","2,95,452"
"20-Jun-2024","EQ","424.05","426.50","421.50","423.65","423.85","423.30","423.74","499.70","399.35","1,45,85,806","6,18,06,05,569.50","2,03,212"
"19-Jun-2024","EQ","430.00","430.75","423.05","428.75","423.40","423.65","425.66","499.70","399.35","1,09,09,803","4,64,38,29,424.60","1,77,112"
"18-Jun-2024","EQ","433.00","434.20","428.20","431.15","429.00","428.75","430.67","499.70","399.35","1,40,98,178","6,07,17,15,080.55","2,06,941"
"14-Jun-2024","EQ","431.00","431.90","429.05","430.30","431.40","431.15","430.49","499.70","399.35","92,17,804","3,96,81,32,276.85","1,70,717"
"13-Jun-2024","EQ","436.90","436.90","429.75","432.30","430.35","430.30","431.79","499.70","399.35","92,83,802","4,00,86,27,163.35","1,46,737"
"12-Jun-2024","EQ","430.55","434.40","430.20","433.00","432.60","432.30","432.33","499.70","399.35","1,03,52,936","4,47,58,96,381.25","1,63,844"
"11-Jun-2024","EQ","437.00","437.80","432.25","436.90","432.75","433.00","434.79","499.70","399.35","1,26,70,589","5,50,90,08,149.30","1,87,213"
"10-Jun-2024","EQ","440.00","441.00","435.85","439.15","436.55","436.90","437.72","499.70","399.35","1,14,32,393","5,00,41,99,602.85","2,60,404"
"07-Jun-2024","EQ","431.40","441.65","431.10","435.40","438.50","439.15","437.54","499.70","399.35","2,84,48,041","12,44,70,97,826.40","3,48,935"
"06-Jun-2024","EQ","436.00","437.70","431.10","430.30","436.40","435.40","434.33","499.70","399.35","3,11,19,999","13,51,64,00,453.80","2,90,637"
"05-Jun-2024","EQ","422.00","436.00","418.05","415.20","430.70","430.30","429.14","499.70","399.35","2,71,51,351","11,65,16,63,641.95","3,09,406"
"04-Jun-2024","EQ","426.00","426.30","402.85","430.35","419.85","415.20","415.20","499.70","399.35","4,60,19,632","19,10,74,85,527.25","5,80,366"
"03-Jun-2024","EQ","434.00","434.90","428.65","426.45","431.40","430.35","430.65","499.70","399.35","1,55,19,148","6,68,33,96,998.40","2,10,108"
"31-May-2024","EQ","426.75","429.55","424.25","423.85","427.00","426.45","426.87","499.70","399.35","2,82,14,102","12,04,38,35,725.35","2,45,961"
"30-May-2024","EQ","428.50","430.95","422.35","430.95","424.85","423.85","424.72","499.70","399.35","2,05,24,428","8,71,72,37,385.80","2,49,826"
"29-May-2024","EQ","425.50","432.40","425.50","429.00","431.00","430.95","429.94","499.70","399.35","1,04,30,363","4,48,43,93,165.00","1,42,521"
"28-May-2024","EQ","432.10","432.50","428.25","431.50","428.80","429.00","429.82","499.70","399.35","93,10,198","4,00,17,09,938.25","1,23,935"
"27-May-2024","EQ","438.80","438.90","430.70","436.20","432.25","431.50","435.39","499.70","399.35","1,18,27,050","5,14,93,44,563.20","2,01,549"
"24-May-2024","EQ","441.00","442.45","435.30","441.35","436.55","436.20","437.48","499.70","399.35","1,27,61,457","5,58,29,17,652.90","2,08,684"
"23-May-2024","EQ","441.40","444.90","436.55","439.90","440.20","441.35","440.71","499.70","399.35","2,62,34,369","11,56,17,61,258.55","2,21,301"
"22-May-2024","EQ","437.35","441.95","435.40","434.80","440.00","439.90","439.62","499.70","399.35","1,06,27,595","4,67,21,23,744.90","1,54,238"
"21-May-2024","EQ","436.00","437.10","433.20","436.65","434.90","434.80","434.73","499.70","399.35","1,07,60,726","4,67,79,83,191.90","2,15,268"
"18-May-2024","EQ","437.00","437.65","435.20","436.30","436.70","436.65","436.64","499.70","399.35","7,13,859","31,17,00,280.95","12,556"
"17-May-2024","EQ","432.40","437.50","428.90","431.45","435.45","436.30","434.11","499.70","399.35","1,14,53,714","4,97,22,08,347.45","1,33,480"
"16-May-2024","EQ","430.00","432.60","422.90","427.80","432.60","431.45","427.89","499.70","399.35","2,30,25,186","9,85,22,75,161.55","2,86,099"
"15-May-2024","EQ","430.75","433.25","426.75","429.70","428.25","427.80","429.40","499.70","399.35","75,65,080","3,24,84,56,112.70","1,44,013"
"14-May-2024","EQ","430.50","433.30","428.55","431.85","429.60","429.70","430.33","499.70","399.35","1,10,00,103","4,73,36,93,443.00","1,72,146"
"13-May-2024","EQ","433.25","435.45","429.50","433.35","431.65","431.85","431.83","499.70","399.35","73,02,959","3,15,36,50,963.45","1,52,030"
"10-May-2024","EQ","426.50","436.35","426.50","425.10","433.85","433.35","433.20","499.70","399.35","1,39,85,963","6,05,87,06,127.20","1,86,451"
"09-May-2024","EQ","440.05","441.50","423.35","441.00","427.10","425.10","429.30","499.70","399.35","2,34,12,609","10,05,09,40,808.25","3,26,895"
"08-May-2024","EQ","441.25","444.70","438.20","440.35","441.00","441.00","441.33","499.70","399.35","1,05,11,646","4,63,91,19,798.50","1,40,409"
"07-May-2024","EQ","436.90","446.00","435.20","434.75","441.00","440.35","442.16","499.70","399.35","2,59,68,921","11,48,24,44,468.75","2,56,621"
"06-May-2024","EQ","438.00","440.45","433.35","436.45","434.95","434.75","435.73","499.70","399.35","1,03,55,056","4,51,19,99,548.95","1,83,306"
"03-May-2024","EQ","440.05","440.05","431.35","439.00","436.00","436.45","435.75","499.70","399.35","2,29,04,276","9,98,04,73,814.90","3,01,064"
"02-May-2024","EQ","436.00","442.60","434.85","435.65","439.45","439.00","439.02","499.70","399.35","2,32,28,909","10,19,79,60,968.55","4,13,344"
"30-Apr-2024","EQ","439.95","440.50","435.10","438.20","435.35","435.65","438.57","499.70","399.35","1,20,64,043","5,29,09,43,493.35","1,31,063"
"29-Apr-2024","EQ","442.00","442.45","434.60","440.00","438.00","438.20","437.73","499.70","399.35","1,16,27,882","5,08,99,15,581.05","1,89,919"
"26-Apr-2024","EQ","439.25","443.30","436.40","437.55","440.00","440.00","439.66","499.70","399.35","1,47,73,975","6,49,55,67,398.20","2,02,318"
"25-Apr-2024","EQ","431.00","438.30","429.00","428.90","437.80","437.55","434.52","499.70","399.35","2,92,11,997","12,69,32,03,504.00","2,70,594"
"24-Apr-2024","EQ","429.25","430.80","428.30","429.20","429.40","428.90","429.73","499.70","399.35","58,45,170","2,51,18,18,372.50","96,245"
"23-Apr-2024","EQ","425.30","430.50","425.10","425.30","428.70","429.20","428.84","499.70","399.35","1,20,21,404","5,15,52,32,246.00","1,94,302"
"22-Apr-2024","EQ","427.00","427.60","423.35","424.75","425.80","425.30","424.75","499.70","399.35","71,12,139","3,02,08,60,842.30","1,24,105"
"19-Apr-2024","EQ","418.00","426.25","416.00","418.85","424.00","424.75","423.64","499.70","392.90","1,65,82,634","7,02,50,82,961.80","2,04,429"
"18-Apr-2024","EQ","426.00","426.90","417.65","425.90","419.75","418.85","421.58","499.70","392.90","2,13,12,388","8,98,48,44,459.55","2,04,523"
"16-Apr-2024","EQ","423.25","427.00","423.20","425.90","426.45","425.90","425.24","499.70","392.90","99,73,638","4,24,11,46,046.55","1,22,310"
"15-Apr-2024","EQ","428.00","429.15","422.90","430.10","425.60","425.90","426.01","499.70","392.90","87,46,243","3,72,59,90,666.80","1,64,057"
"12-Apr-2024","EQ","435.00","435.75","428.30","436.95","430.50","430.10","431.16","499.70","384.75","1,80,88,372","7,79,90,28,304.50","2,89,969"
"10-Apr-2024","EQ","428.30","437.80","425.75","426.35","436.00","436.95","433.00","499.70","384.75","1,40,08,124","6,06,54,76,490.20","1,76,163"